Charge Year,Month Name,Month Date,Customer Class,Consumption
2001,November,Nov 2001,Residential,355785
2001,November,Nov 2001,Commercial,309919
2001,November,Nov 2001,Interdepartmental,9546
2001,November,Nov 2001,Other,113723
2001,December,Dec 2001,Residential,1071360
2001,December,Dec 2001,Commercial,943576
2001,December,Dec 2001,Interdepartmental,57761
2001,December,Dec 2001,Other,77711
2002,January,Jan 2002,Residential,1037418
2002,January,Jan 2002,Commercial,1032749
2002,January,Jan 2002,Interdepartmental,46888
2002,January,Jan 2002,Other,206604
2002,February,Feb 2002,Residential,801322
2002,February,Feb 2002,Commercial,645837
2002,February,Feb 2002,Interdepartmental,44322
2002,February,Feb 2002,Other,114024
2002,March,Mar 2002,Other,137180
2002,March,Mar 2002,Interdepartmental,38176
2002,March,Mar 2002,Commercial,852456
2002,March,Mar 2002,Residential,1095716
2002,April,Apr 2002,Other,82597
2002,April,Apr 2002,Interdepartmental,67722
2002,April,Apr 2002,Commercial,898063
2002,April,Apr 2002,Residential,1249199
2002,May,May 2002,Other,278321
2002,May,May 2002,Interdepartmental,148879
2002,May,May 2002,Commercial,1159738
2002,May,May 2002,Residential,1550767
2002,June,Jun 2002,Residential,1633828
2002,June,Jun 2002,Commercial,1062981
2002,June,Jun 2002,Interdepartmental,180549
2002,June,Jun 2002,Other,130327
2002,July,Jul 2002,Other,310138
2002,July,Jul 2002,Interdepartmental,251650
2002,July,Jul 2002,Commercial,1404588
2002,July,Jul 2002,Residential,1928383
2002,August,Aug 2002,Other,208287
2002,August,Aug 2002,Interdepartmental,201028
2002,August,Aug 2002,Commercial,1352386
2002,August,Aug 2002,Residential,1673864
2002,September,Sep 2002,Residential,1477692
2002,September,Sep 2002,Commercial,1107382
2002,September,Sep 2002,Interdepartmental,171826
2002,September,Sep 2002,Other,103550
2002,October,Oct 2002,Other,199892
2002,October,Oct 2002,Interdepartmental,144658
2002,October,Oct 2002,Commercial,1163922
2002,October,Oct 2002,Residential,1449610
2002,November,Nov 2002,Residential,1154238
2002,November,Nov 2002,Commercial,899237
2002,November,Nov 2002,Interdepartmental,60089
2002,November,Nov 2002,Other,69904
2002,December,Dec 2002,Residential,1070497
2002,December,Dec 2002,Commercial,894519
2002,December,Dec 2002,Interdepartmental,68431
2002,December,Dec 2002,Other,73729
2003,January,Jan 2003,Other,74549
2003,January,Jan 2003,Interdepartmental,47540
2003,January,Jan 2003,Commercial,822535
2003,January,Jan 2003,Residential,978433
2003,February,Feb 2003,Residential,860050
2003,February,Feb 2003,Commercial,695178
2003,February,Feb 2003,Interdepartmental,47395
2003,February,Feb 2003,Other,38873
2003,March,Mar 2003,Other,58468
2003,March,Mar 2003,Interdepartmental,14800
2003,March,Mar 2003,Commercial,704528
2003,March,Mar 2003,Residential,843402
2003,April,Apr 2003,Residential,1075269
2003,April,Apr 2003,Commercial,781465
2003,April,Apr 2003,Interdepartmental,67994
2003,April,Apr 2003,Other,67429
2003,May,May 2003,Other,104168
2003,May,May 2003,Interdepartmental,102747
2003,May,May 2003,Commercial,908252
2003,May,May 2003,Residential,1365385
2003,June,Jun 2003,Residential,1703646
2003,June,Jun 2003,Commercial,1168162
2003,June,Jun 2003,Interdepartmental,184129
2003,June,Jun 2003,Other,129420
2003,July,Jul 2003,Residential,2047634
2003,July,Jul 2003,Commercial,1478319
2003,July,Jul 2003,Interdepartmental,236256
2003,July,Jul 2003,Other,172896
2003,August,Aug 2003,Residential,1597405
2003,August,Aug 2003,Commercial,1571310
2003,August,Aug 2003,Interdepartmental,204564
2003,August,Aug 2003,Other,138107
2003,September,Sep 2003,Other,131268
2003,September,Sep 2003,Interdepartmental,179316
2003,September,Sep 2003,Commercial,1056585
2003,September,Sep 2003,Residential,1528697
2003,October,Oct 2003,Residential,1541951
2003,October,Oct 2003,Commercial,1193054
2003,October,Oct 2003,Interdepartmental,148617
2003,October,Oct 2003,Other,120482
2003,November,Nov 2003,Residential,1101891
2003,November,Nov 2003,Commercial,796587
2003,November,Nov 2003,Interdepartmental,87996
2003,November,Nov 2003,Other,61688
2003,December,Dec 2003,Residential,1118059
2003,December,Dec 2003,Commercial,906925
2003,December,Dec 2003,Interdepartmental,56409
2003,December,Dec 2003,Other,71526
2004,January,Jan 2004,Other,53272
2004,January,Jan 2004,Interdepartmental,40523
2004,January,Jan 2004,Commercial,841179
2004,January,Jan 2004,Residential,1043442
2004,February,Feb 2004,Other,48982
2004,February,Feb 2004,Commercial,789407
2004,February,Feb 2004,Interdepartmental,52630
2004,February,Feb 2004,Residential,949898
2004,March,Mar 2004,Residential,917549
2004,March,Mar 2004,Commercial,746526
2004,March,Mar 2004,Other,53294
2004,March,Mar 2004,Interdepartmental,57645
2004,April,Apr 2004,Other,71758
2004,April,Apr 2004,Interdepartmental,39997
2004,April,Apr 2004,Commercial,814859
2004,April,Apr 2004,Residential,1098840
2004,May,May 2004,Residential,1385162
2004,May,May 2004,Commercial,933422
2004,May,May 2004,Interdepartmental,147289
2004,May,May 2004,Other,115446
2004,June,Jun 2004,Residential,1701337
2004,June,Jun 2004,Commercial,1155869
2004,June,Jun 2004,Interdepartmental,188611
2004,June,Jun 2004,Other,147979
2004,July,Jul 2004,Other,160552
2004,July,Jul 2004,Interdepartmental,220025
2004,July,Jul 2004,Commercial,1253395
2004,July,Jul 2004,Residential,1748516
2004,August,Aug 2004,Other,157378
2004,August,Aug 2004,Interdepartmental,225427
2004,August,Aug 2004,Commercial,1209544
2004,August,Aug 2004,Residential,1632719
2004,September,Sep 2004,Residential,1615605
2004,September,Sep 2004,Commercial,1184803
2004,September,Sep 2004,Interdepartmental,220139
2004,September,Sep 2004,Other,146141
2004,October,Oct 2004,Other,113723
2004,October,Oct 2004,Interdepartmental,150860
2004,October,Oct 2004,Residential,1393662
2004,October,Oct 2004,Commercial,1041278
2004,November,Nov 2004,Other,79934
2004,November,Nov 2004,Interdepartmental,79732
2004,November,Nov 2004,Commercial,968620
2004,November,Nov 2004,Residential,1235442
2004,December,Dec 2004,Residential,1057958
2004,December,Dec 2004,Commercial,854813
2004,December,Dec 2004,Interdepartmental,56661
2004,December,Dec 2004,Other,57868
2005,January,Jan 2005,Other,44050
2005,January,Jan 2005,Interdepartmental,21957
2005,January,Jan 2005,Commercial,728879
2005,January,Jan 2005,Residential,900573.4
2005,February,Feb 2005,Residential,792197
2005,February,Feb 2005,Commercial,663887
2005,February,Feb 2005,Interdepartmental,16682
2005,February,Feb 2005,Other,38863
2005,March,Mar 2005,Residential,807749
2005,March,Mar 2005,Commercial,669046
2005,March,Mar 2005,Interdepartmental,15550
2005,March,Mar 2005,Other,43297
2005,April,Apr 2005,Other,67826
2005,April,Apr 2005,Interdepartmental,39920
2005,April,Apr 2005,Commercial,785101
2005,April,Apr 2005,Residential,1083120
2005,May,May 2005,Other,109077
2005,May,May 2005,Interdepartmental,97961
2005,May,May 2005,Commercial,920504
2005,May,May 2005,Residential,1324806
2005,June,Jun 2005,Other,140671
2005,June,Jun 2005,Interdepartmental,140728
2005,June,Jun 2005,Commercial,1129814
2005,June,Jun 2005,Residential,1663780
2005,July,Jul 2005,Residential,1803608
2005,July,Jul 2005,Commercial,1243333
2005,July,Jul 2005,Interdepartmental,176846
2005,July,Jul 2005,Other,158600
2005,August,Aug 2005,Commercial,1187066
2005,August,Aug 2005,Residential,1574541
2005,August,Aug 2005,Interdepartmental,143416
2005,August,Aug 2005,Other,145048
2005,September,Sep 2005,Residential,1538289
2005,September,Sep 2005,Commercial,1135730
2005,September,Sep 2005,Interdepartmental,141783
2005,September,Sep 2005,Other,134582
2005,October,Oct 2005,Other,124685
2005,October,Oct 2005,Interdepartmental,127556
2005,October,Oct 2005,Commercial,1047421
2005,October,Oct 2005,Residential,1449821
2005,November,Nov 2005,Residential,1342862
2005,November,Nov 2005,Commercial,1067409
2005,November,Nov 2005,Interdepartmental,107715
2005,November,Nov 2005,Other,106484
2005,December,Dec 2005,Residential,1234618
2005,December,Dec 2005,Commercial,1045306
2005,December,Dec 2005,Interdepartmental,62663
2005,December,Dec 2005,Other,86003
2006,January,Jan 2006,Residential,1098887
2006,January,Jan 2006,Commercial,922114
2006,January,Jan 2006,Interdepartmental,60303
2006,January,Jan 2006,Other,65409
2006,February,Feb 2006,Interdepartmental,43810
2006,February,Feb 2006,Other,64916
2006,February,Feb 2006,Commercial,858752
2006,February,Feb 2006,Residential,1029627
2006,March,Mar 2006,Other,64555
2006,March,Mar 2006,Interdepartmental,50165
2006,March,Mar 2006,Commercial,840486
2006,March,Mar 2006,Residential,1027599
2006,April,Apr 2006,Other,73959
2006,April,Apr 2006,Interdepartmental,59228
2006,April,Apr 2006,Commercial,829862
2006,April,Apr 2006,Residential,1059087
2006,May,May 2006,Residential,1354208
2006,May,May 2006,Commercial,1001826
2006,May,May 2006,Interdepartmental,87979
2006,May,May 2006,Other,112351
2006,June,Jun 2006,Other,155482
2006,June,Jun 2006,Commercial,1241003
2006,June,Jun 2006,Interdepartmental,147813
2006,June,Jun 2006,Residential,1706808
2006,July,Jul 2006,Residential,1778431
2006,July,Jul 2006,Commercial,1337127
2006,July,Jul 2006,Interdepartmental,170277
2006,July,Jul 2006,Other,153087
2006,August,Aug 2006,Other,124303
2006,August,Aug 2006,Interdepartmental,130994
2006,August,Aug 2006,Commercial,1234699
2006,August,Aug 2006,Residential,1570891
2006,September,Sep 2006,Residential,1378436
2006,September,Sep 2006,Commercial,1102344
2006,September,Sep 2006,Interdepartmental,103601
2006,September,Sep 2006,Other,117583
2006,October,Oct 2006,Other,103190
2006,October,Oct 2006,Interdepartmental,102564
2006,October,Oct 2006,Commercial,966136
2006,October,Oct 2006,Residential,1301057
2006,November,Nov 2006,Other,92100
2006,November,Nov 2006,Interdepartmental,63422
2006,November,Nov 2006,Commercial,1012531
2006,November,Nov 2006,Residential,1276320
2006,December,Dec 2006,Residential,1181148
2006,December,Dec 2006,Commercial,1003958
2006,December,Dec 2006,Interdepartmental,48796
2006,December,Dec 2006,Other,79011
2007,January,Jan 2007,Residential,974656
2007,January,Jan 2007,Commercial,836251
2007,January,Jan 2007,Interdepartmental,28906
2007,January,Jan 2007,Other,53451
2007,February,Feb 2007,Other,49934
2007,February,Feb 2007,Interdepartmental,21903
2007,February,Feb 2007,Commercial,765577
2007,February,Feb 2007,Residential,885638
2007,March,Mar 2007,Residential,1002334
2007,March,Mar 2007,Commercial,804486
2007,March,Mar 2007,Other,55975
2007,March,Mar 2007,Interdepartmental,29936
2007,April,Apr 2007,Interdepartmental,56560
2007,April,Apr 2007,Other,74874
2007,April,Apr 2007,Commercial,853069
2007,April,Apr 2007,Residential,1127489
2007,May,May 2007,Commercial,947304
2007,May,May 2007,Residential,1327637
2007,May,May 2007,Interdepartmental,97022
2007,May,May 2007,Other,104761
2007,June,Jun 2007,Interdepartmental,164840
2007,June,Jun 2007,Other,156372
2007,June,Jun 2007,Commercial,1199627
2007,June,Jun 2007,Residential,1646289
2007,July,Jul 2007,Residential,1777171
2007,July,Jul 2007,Commercial,1288212
2007,July,Jul 2007,Interdepartmental,186035
2007,July,Jul 2007,Other,175885
2007,August,Aug 2007,Residential,1520838
2007,August,Aug 2007,Commercial,1231960
2007,August,Aug 2007,Interdepartmental,160073
2007,August,Aug 2007,Other,156198
2007,September,Sep 2007,Other,154599
2007,September,Sep 2007,Interdepartmental,169569
2007,September,Sep 2007,Commercial,1209459
2007,September,Sep 2007,Residential,1589074
2007,October,Oct 2007,Residential,1444157
2007,October,Oct 2007,Commercial,1085975
2007,October,Oct 2007,Interdepartmental,128386
2007,October,Oct 2007,Other,124434
2007,November,Nov 2007,Residential,1368529
2007,November,Nov 2007,Commercial,1141336
2007,November,Nov 2007,Interdepartmental,80577
2007,November,Nov 2007,Other,113630
2007,December,Dec 2007,Interdepartmental,43168
2007,December,Dec 2007,Other,83956
2007,December,Dec 2007,Commercial,954936
2007,December,Dec 2007,Residential,1099062
2008,January,Jan 2008,Other,52400
2008,January,Jan 2008,Interdepartmental,19048
2008,January,Jan 2008,Commercial,780995
2008,January,Jan 2008,Residential,928789
2008,February,Feb 2008,Residential,847242
2008,February,Feb 2008,Commercial,746770
2008,February,Feb 2008,Interdepartmental,18415
2008,February,Feb 2008,Other,47244
2008,March,Mar 2008,Residential,929095
2008,March,Mar 2008,Commercial,754776
2008,March,Mar 2008,Other,54661
2008,March,Mar 2008,Interdepartmental,18641
2008,April,Apr 2008,Interdepartmental,30542
2008,April,Apr 2008,Other,81227
2008,April,Apr 2008,Commercial,872239
2008,April,Apr 2008,Residential,1163958
2008,May,May 2008,Other,104730
2008,May,May 2008,Interdepartmental,64938
2008,May,May 2008,Residential,1335576
2008,May,May 2008,Commercial,963317
2008,June,Jun 2008,Other,140829
2008,June,Jun 2008,Interdepartmental,129502
2008,June,Jun 2008,Commercial,1094954
2008,June,Jun 2008,Residential,1453410
2008,July,Jul 2008,Interdepartmental,160169
2008,July,Jul 2008,Residential,1585838
2008,July,Jul 2008,Commercial,1179945
2008,July,Jul 2008,Other,146168
2008,August,Aug 2008,Residential,1454799
2008,August,Aug 2008,Commercial,1161097
2008,August,Aug 2008,Interdepartmental,150308
2008,August,Aug 2008,Other,151784
2008,September,Sep 2008,Residential,1367644
2008,September,Sep 2008,Commercial,1070028
2008,September,Sep 2008,Interdepartmental,138814
2008,September,Sep 2008,Other,140008
2008,October,Oct 2008,Residential,1306160
2008,October,Oct 2008,Commercial,974719
2008,October,Oct 2008,Interdepartmental,112028
2008,October,Oct 2008,Other,121851
2008,November,Nov 2008,Interdepartmental,67541
2008,November,Nov 2008,Other,113573
2008,November,Nov 2008,Commercial,1052615
2008,November,Nov 2008,Residential,1282715
2008,December,Dec 2008,Other,77098
2008,December,Dec 2008,Interdepartmental,40950
2008,December,Dec 2008,Commercial,902078
2008,December,Dec 2008,Residential,1041058
2009,January,Jan 2009,Residential,842765
2009,January,Jan 2009,Commercial,721377
2009,January,Jan 2009,Other,48789
2009,January,Jan 2009,Interdepartmental,26502
2009,February,Feb 2009,Other,53343
2009,February,Feb 2009,Interdepartmental,22764
2009,February,Feb 2009,Commercial,721032
2009,February,Feb 2009,Residential,857322
2009,March,Mar 2009,Other,64107
2009,March,Mar 2009,Commercial,754506
2009,March,Mar 2009,Residential,940187
2009,March,Mar 2009,Interdepartmental,24377
2009,April,Apr 2009,Other,86449
2009,April,Apr 2009,Interdepartmental,38979
2009,April,Apr 2009,Commercial,859818
2009,April,Apr 2009,Residential,1154136
2009,May,May 2009,Residential,1292385
2009,May,May 2009,Commercial,911728
2009,May,May 2009,Other,102637
2009,May,May 2009,Interdepartmental,92001
2009,June,Jun 2009,Other,127580
2009,June,Jun 2009,Interdepartmental,153447
2009,June,Jun 2009,Commercial,1066310
2009,June,Jun 2009,Residential,1487603
2009,July,Jul 2009,Residential,1578219
2009,July,Jul 2009,Commercial,1158594
2009,July,Jul 2009,Interdepartmental,178499
2009,July,Jul 2009,Other,151516
2009,August,Aug 2009,Other,173465
2009,August,Aug 2009,Interdepartmental,185207
2009,August,Aug 2009,Residential,1543666
2009,August,Aug 2009,Commercial,1171634
2009,September,Sep 2009,Residential,1488468
2009,September,Sep 2009,Commercial,1158908
2009,September,Sep 2009,Interdepartmental,169481
2009,September,Sep 2009,Other,159602
2009,October,Oct 2009,Other,130496
2009,October,Oct 2009,Commercial,1024563
2009,October,Oct 2009,Interdepartmental,138129
2009,October,Oct 2009,Residential,1370278
2009,November,Nov 2009,Residential,1252411
2009,November,Nov 2009,Commercial,1000940
2009,November,Nov 2009,Interdepartmental,120154
2009,November,Nov 2009,Other,107583
2009,December,Dec 2009,Other,82202
2009,December,Dec 2009,Commercial,888180
2009,December,Dec 2009,Interdepartmental,45987
2009,December,Dec 2009,Residential,1081005
2010,January,Jan 2010,Commercial,738550
2010,January,Jan 2010,Interdepartmental,26832
2010,January,Jan 2010,Residential,922930
2010,January,Jan 2010,Other,56245
2010,February,Feb 2010,Residential,792654
2010,February,Feb 2010,Commercial,648277
2010,February,Feb 2010,Interdepartmental,18004
2010,February,Feb 2010,Other,47198
2010,March,Mar 2010,Residential,823980
2010,March,Mar 2010,Commercial,691399
2010,March,Mar 2010,Interdepartmental,16686
2010,March,Mar 2010,Other,48160
2010,April,Apr 2010,Interdepartmental,24213
2010,April,Apr 2010,Other,66064
2010,April,Apr 2010,Commercial,707122
2010,April,Apr 2010,Residential,972233
2010,May,May 2010,Residential,1207253
2010,May,May 2010,Commercial,834179
2010,May,May 2010,Interdepartmental,83822
2010,May,May 2010,Other,102266
2010,June,Jun 2010,Residential,1457623
2010,June,Jun 2010,Commercial,1021191
2010,June,Jun 2010,Interdepartmental,169184
2010,June,Jun 2010,Other,138255
2010,July,Jul 2010,Other,173818
2010,July,Jul 2010,Interdepartmental,213112
2010,July,Jul 2010,Commercial,1145801
2010,July,Jul 2010,Residential,1590580
2010,August,Aug 2010,Other,166932
2010,August,Aug 2010,Interdepartmental,197877
2010,August,Aug 2010,Commercial,1118896
2010,August,Aug 2010,Residential,1407728
2010,September,Sep 2010,Other,149424
2010,September,Sep 2010,Commercial,1042204
2010,September,Sep 2010,Residential,1336298
2010,September,Sep 2010,Interdepartmental,151726
2010,October,Oct 2010,Residential,1217376
2010,October,Oct 2010,Commercial,924067
2010,October,Oct 2010,Interdepartmental,133770
2010,October,Oct 2010,Other,126142
2010,November,Nov 2010,Other,98681
2010,November,Nov 2010,Interdepartmental,66693
2010,November,Nov 2010,Residential,1116556
2010,November,Nov 2010,Commercial,918373
2010,December,Dec 2010,Other,84108
2010,December,Dec 2010,Interdepartmental,45258
2010,December,Dec 2010,Commercial,853430
2010,December,Dec 2010,Residential,1029887
2011,January,Jan 2011,Other,52932
2011,January,Jan 2011,Interdepartmental,22777
2011,January,Jan 2011,Commercial,706999
2011,January,Jan 2011,Residential,852532
2011,February,Feb 2011,Other,53469
2011,February,Feb 2011,Interdepartmental,17665
2011,February,Feb 2011,Commercial,698554
2011,February,Feb 2011,Residential,853075
2011,March,Mar 2011,Other,60190
2011,March,Mar 2011,Interdepartmental,20408
2011,March,Mar 2011,Commercial,769110
2011,March,Mar 2011,Residential,930198
2011,April,Apr 2011,Commercial,757999
2011,April,Apr 2011,Residential,1019219
2011,April,Apr 2011,Interdepartmental,30677
2011,April,Apr 2011,Other,80166
2011,May,May 2011,Interdepartmental,87033
2011,May,May 2011,Other,146184
2011,May,May 2011,Residential,1205592
2011,May,May 2011,Commercial,837223
2011,June,Jun 2011,Residential,1444256
2011,June,Jun 2011,Commercial,1042451
2011,June,Jun 2011,Interdepartmental,162190
2011,June,Jun 2011,Other,167740
2011,July,Jul 2011,Commercial,1148189
2011,July,Jul 2011,Residential,1537966
2011,July,Jul 2011,Interdepartmental,187102
2011,July,Jul 2011,Other,169884
2011,August,Aug 2011,Residential,1440976
2011,August,Aug 2011,Commercial,1122198
2011,August,Aug 2011,Interdepartmental,184649
2011,August,Aug 2011,Other,161785
2011,September,Sep 2011,Residential,1474254
2011,September,Sep 2011,Commercial,1150652
2011,September,Sep 2011,Interdepartmental,185627
2011,September,Sep 2011,Other,161374
2011,October,Oct 2011,Residential,1257791
2011,October,Oct 2011,Commercial,987255
2011,October,Oct 2011,Interdepartmental,129269
2011,October,Oct 2011,Other,132369
2011,November,Nov 2011,Other,110908
2011,November,Nov 2011,Interdepartmental,59234
2011,November,Nov 2011,Commercial,990099
2011,November,Nov 2011,Residential,1166281
2011,December,Dec 2011,Other,65416
2011,December,Dec 2011,Interdepartmental,38788
2011,December,Dec 2011,Commercial,822472
2011,December,Dec 2011,Residential,961025
2012,January,Jan 2012,Residential,853989
2012,January,Jan 2012,Commercial,700108
2012,January,Jan 2012,Interdepartmental,21784
2012,January,Jan 2012,Other,44977
2012,February,Feb 2012,Commercial,717121
2012,February,Feb 2012,Residential,873427
2012,February,Feb 2012,Other,59879
2012,February,Feb 2012,Interdepartmental,19580
2012,March,Mar 2012,Other,68542
2012,March,Mar 2012,Interdepartmental,25199
2012,March,Mar 2012,Residential,937655
2012,March,Mar 2012,Commercial,773464
2012,April,Apr 2012,Commercial,812529
2012,April,Apr 2012,Residential,1084733
2012,April,Apr 2012,Interdepartmental,41603
2012,April,Apr 2012,Other,89883
2012,May,May 2012,Other,134466
2012,May,May 2012,Interdepartmental,130728
2012,May,May 2012,Commercial,879266
2012,May,May 2012,Residential,1230668
2012,June,Jun 2012,Commercial,1066054
2012,June,Jun 2012,Interdepartmental,200087
2012,June,Jun 2012,Residential,1479445
2012,June,Jun 2012,Other,172697
2012,July,Jul 2012,Residential,1520329
2012,July,Jul 2012,Commercial,1157490
2012,July,Jul 2012,Interdepartmental,227617
2012,July,Jul 2012,Other,185614
2012,August,Aug 2012,Residential,1375633
2012,August,Aug 2012,Commercial,1135845
2012,August,Aug 2012,Other,161084
2012,August,Aug 2012,Interdepartmental,175043
2012,September,Sep 2012,Other,158496
2012,September,Sep 2012,Interdepartmental,132511
2012,September,Sep 2012,Residential,1269098
2012,September,Sep 2012,Commercial,1026020
2012,October,Oct 2012,Commercial,886803
2012,October,Oct 2012,Interdepartmental,92725
2012,October,Oct 2012,Residential,1204742
2012,October,Oct 2012,Other,138049
2012,November,Nov 2012,Commercial,989617
2012,November,Nov 2012,Residential,1191161
2012,November,Nov 2012,Other,131707
2012,November,Nov 2012,Interdepartmental,73450
2012,December,Dec 2012,Other,86391
2012,December,Dec 2012,Interdepartmental,42891
2012,December,Dec 2012,Commercial,875565
2012,December,Dec 2012,Residential,1041676
2013,January,Jan 2013,Other,61237
2013,January,Jan 2013,Commercial,715211
2013,January,Jan 2013,Interdepartmental,22050
2013,January,Jan 2013,Residential,867529
2013,February,Feb 2013,Interdepartmental,17873
2013,February,Feb 2013,Other,53472
2013,February,Feb 2013,Residential,824503
2013,February,Feb 2013,Commercial,692039
2013,March,Mar 2013,Commercial,702861
2013,March,Mar 2013,Residential,847752
2013,March,Mar 2013,Interdepartmental,19878
2013,March,Mar 2013,Other,55056
2013,April,Apr 2013,Residential,1024546
2013,April,Apr 2013,Commercial,754399
2013,April,Apr 2013,Interdepartmental,37083
2013,April,Apr 2013,Other,80379
2013,May,May 2013,Interdepartmental,99291
2013,May,May 2013,Other,119696
2013,May,May 2013,Commercial,873403
2013,May,May 2013,Residential,1240022
2013,June,Jun 2013,Residential,1480171
2013,June,Jun 2013,Commercial,1077820
2013,June,Jun 2013,Other,157975
2013,June,Jun 2013,Interdepartmental,194606
2013,July,Jul 2013,Commercial,1161644
2013,July,Jul 2013,Residential,1551626
2013,July,Jul 2013,Interdepartmental,218926
2013,July,Jul 2013,Other,188720
2013,August,Aug 2013,Commercial,1145199
2013,August,Aug 2013,Interdepartmental,179144
2013,August,Aug 2013,Residential,1409945
2013,August,Aug 2013,Other,170873
2013,September,Sep 2013,Other,161482
2013,September,Sep 2013,Interdepartmental,162155
2013,September,Sep 2013,Commercial,1067028
2013,September,Sep 2013,Residential,1344379
2013,October,Oct 2013,Other,127119
2013,October,Oct 2013,Interdepartmental,99766
2013,October,Oct 2013,Residential,1231354
2013,October,Oct 2013,Commercial,928811
2013,November,Nov 2013,Commercial,963412
2013,November,Nov 2013,Residential,1190703
2013,November,Nov 2013,Interdepartmental,65316
2013,November,Nov 2013,Other,111783
2013,December,Dec 2013,Residential,959166
2013,December,Dec 2013,Interdepartmental,44273
2013,December,Dec 2013,Commercial,814590
2013,December,Dec 2013,Other,78453
2014,January,Jan 2014,Residential,889761
2014,January,Jan 2014,Commercial,729424
2014,January,Jan 2014,Other,60457
2014,January,Jan 2014,Interdepartmental,19552
2014,February,Feb 2014,Other,75249
2014,February,Feb 2014,Interdepartmental,19383
2014,February,Feb 2014,Commercial,751610
2014,February,Feb 2014,Residential,913053
2014,March,Mar 2014,Other,77451
2014,March,Mar 2014,Interdepartmental,23277
2014,March,Mar 2014,Commercial,744746
2014,March,Mar 2014,Residential,917793
2014,April,Apr 2014,Interdepartmental,41044
2014,April,Apr 2014,Other,97619
2014,April,Apr 2014,Commercial,784467
2014,April,Apr 2014,Residential,1040156
2014,May,May 2014,Commercial,917392
2014,May,May 2014,Residential,1225914
2014,May,May 2014,Interdepartmental,89706
2014,May,May 2014,Other,133979
2014,June,Jun 2014,Residential,1470259
2014,June,Jun 2014,Commercial,1104984
2014,June,Jun 2014,Interdepartmental,172518
2014,June,Jun 2014,Other,161652
2014,July,Jul 2014,Residential,1538364
2014,July,Jul 2014,Interdepartmental,235378
2014,July,Jul 2014,Commercial,1182688
2014,July,Jul 2014,Other,182054
2014,August,Aug 2014,Residential,1433419
2014,August,Aug 2014,Commercial,1163640
2014,August,Aug 2014,Interdepartmental,219761
2014,August,Aug 2014,Other,176903
2014,September,Sep 2014,Interdepartmental,135214
2014,September,Sep 2014,Other,152025
2014,September,Sep 2014,Commercial,1032732
2014,September,Sep 2014,Residential,1276362
2014,October,Oct 2014,Other,110839
2014,October,Oct 2014,Interdepartmental,54097
2014,October,Oct 2014,Commercial,855085
2014,October,Oct 2014,Residential,1046600
2014,November,Nov 2014,Other,112678
2014,November,Nov 2014,Interdepartmental,34412
2014,November,Nov 2014,Commercial,878644
2014,November,Nov 2014,Residential,1066444
2014,December,Dec 2014,Other,108739
2014,December,Dec 2014,Residential,1015757
2014,December,Dec 2014,Commercial,860440
2014,December,Dec 2014,Interdepartmental,30737
2015,January,Jan 2015,Other,62153
2015,January,Jan 2015,Interdepartmental,18452
2015,January,Jan 2015,Residential,833598
2015,January,Jan 2015,Commercial,722724
2015,February,Feb 2015,Residential,808805
2015,February,Feb 2015,Commercial,708707
2015,February,Feb 2015,Interdepartmental,16932
2015,February,Feb 2015,Other,67811
2015,March,Mar 2015,Interdepartmental,18190
2015,March,Mar 2015,Other,80803
2015,March,Mar 2015,Commercial,740863
2015,March,Mar 2015,Residential,869554
2015,April,Apr 2015,Residential,1036134
2015,April,Apr 2015,Commercial,804404
2015,April,Apr 2015,Other,124242
2015,April,Apr 2015,Interdepartmental,34144
2015,May,May 2015,Commercial,879523
2015,May,May 2015,Residential,1110410
2015,May,May 2015,Interdepartmental,73410
2015,May,May 2015,Other,180058
2015,June,Jun 2015,Other,183173
2015,June,Jun 2015,Interdepartmental,115752
2015,June,Jun 2015,Commercial,960822
2015,June,Jun 2015,Residential,1223825
2015,July,Jul 2015,Residential,1424556
2015,July,Jul 2015,Commercial,1090879
2015,July,Jul 2015,Other,246986
2015,July,Jul 2015,Interdepartmental,194164
2015,August,Aug 2015,Residential,1387001
2015,August,Aug 2015,Commercial,1137055
2015,August,Aug 2015,Interdepartmental,221193
2015,August,Aug 2015,Other,214310
2015,September,Sep 2015,Interdepartmental,176135
2015,September,Sep 2015,Other,228908
2015,September,Sep 2015,Commercial,1078662
2015,September,Sep 2015,Residential,1312176
2015,October,Oct 2015,Interdepartmental,94861
2015,October,Oct 2015,Other,164337
2015,October,Oct 2015,Commercial,955469
2015,October,Oct 2015,Residential,1156635
2015,November,Nov 2015,Residential,1074497
2015,November,Nov 2015,Commercial,923065
2015,November,Nov 2015,Interdepartmental,40159
2015,November,Nov 2015,Other,167725
2015,December,Dec 2015,Residential,973054
2015,December,Dec 2015,Commercial,847016
2015,December,Dec 2015,Interdepartmental,26989
2015,December,Dec 2015,Other,103746
2016,January,Jan 2016,Other,76069
2016,January,Jan 2016,Interdepartmental,19757
2016,January,Jan 2016,Commercial,701519
2016,January,Jan 2016,Residential,822877
2016,February,Feb 2016,Interdepartmental,18517
2016,February,Feb 2016,Other,79595
2016,February,Feb 2016,Commercial,706493
2016,February,Feb 2016,Residential,853807
2016,March,Mar 2016,Residential,1004722
2016,March,Mar 2016,Commercial,832655
2016,March,Mar 2016,Interdepartmental,31339
2016,March,Mar 2016,Other,116539
2016,April,Apr 2016,Other,136949
2016,April,Apr 2016,Interdepartmental,56825
2016,April,Apr 2016,Residential,1078230
2016,April,Apr 2016,Commercial,848302
2016,May,May 2016,Other,164857
2016,May,May 2016,Interdepartmental,77725
2016,May,May 2016,Residential,1141015
2016,May,May 2016,Commercial,862422
2016,June,Jun 2016,Other,223870
2016,June,Jun 2016,Interdepartmental,170473
2016,June,Jun 2016,Residential,1391272
2016,June,Jun 2016,Commercial,1034497
2016,July,Jul 2016,Other,271158
2016,July,Jul 2016,Commercial,1181411
2016,July,Jul 2016,Interdepartmental,231801.32
2016,July,Jul 2016,Residential,1524452
2016,August,Aug 2016,Residential,1422058
2016,August,Aug 2016,Commercial,1186680
2016,August,Aug 2016,Other,261916
2016,August,Aug 2016,Interdepartmental,206843.53
2016,September,Sep 2016,Other,228975
2016,September,Sep 2016,Interdepartmental,199403.81
2016,September,Sep 2016,Commercial,1131254
2016,September,Sep 2016,Residential,1331309
2016,October,Oct 2016,Residential,1194573
2016,October,Oct 2016,Commercial,984812
2016,October,Oct 2016,Interdepartmental,129476.29
2016,October,Oct 2016,Other,177543
2016,November,Nov 2016,Interdepartmental,67357.08
2016,November,Nov 2016,Other,196293
2016,November,Nov 2016,Commercial,1006400
2016,November,Nov 2016,Residential,1173206
2016,December,Dec 2016,Commercial,908806
2016,December,Dec 2016,Residential,1045247
2016,December,Dec 2016,Interdepartmental,35724
2016,December,Dec 2016,Other,128459
2017,January,Jan 2017,Residential,859658
2017,January,Jan 2017,Interdepartmental,22890
2017,January,Jan 2017,Commercial,745739
2017,January,Jan 2017,Other,91950
2017,February,Feb 2017,Interdepartmental,16608
2017,February,Feb 2017,Other,68126
2017,February,Feb 2017,Commercial,691775
2017,February,Feb 2017,Residential,789588
2017,March,Mar 2017,Other,78861
2017,March,Mar 2017,Interdepartmental,17976.01
2017,March,Mar 2017,Residential,864565
2017,March,Mar 2017,Commercial,729813
2017,April,Apr 2017,Residential,1033021
2017,April,Apr 2017,Commercial,812207
2017,April,Apr 2017,Interdepartmental,32985.12
2017,April,Apr 2017,Other,118515
2017,May,May 2017,Residential,1195285
2017,May,May 2017,Commercial,920678
2017,May,May 2017,Other,174466
2017,May,May 2017,Interdepartmental,103437.74
2017,June,Jun 2017,Commercial,1069070
2017,June,Jun 2017,Residential,1395168
2017,June,Jun 2017,Interdepartmental,171742.81
2017,June,Jun 2017,Other,249975
2017,July,Jul 2017,Residential,1586010
2017,July,Jul 2017,Commercial,1238972
2017,July,Jul 2017,Interdepartmental,234500.98
2017,July,Jul 2017,Other,285076
2017,August,Aug 2017,Residential,1323573
2017,August,Aug 2017,Commercial,1143688
2017,August,Aug 2017,Other,235514
2017,August,Aug 2017,Interdepartmental,177444.64
2017,September,Sep 2017,Interdepartmental,199949.97
2017,September,Sep 2017,Other,223946
2017,September,Sep 2017,Commercial,1128885
2017,September,Sep 2017,Residential,1336764
2017,October,Oct 2017,Commercial,1045767
2017,October,Oct 2017,Residential,1304780
2017,October,Oct 2017,Interdepartmental,149745.14
2017,October,Oct 2017,Other,189537
2017,November,Nov 2017,Other,181263
2017,November,Nov 2017,Commercial,1059201
2017,November,Nov 2017,Interdepartmental,93305.06
2017,November,Nov 2017,Residential,1263796
2017,December,Dec 2017,Interdepartmental,47908.05
2017,December,Dec 2017,Other,154455
2017,December,Dec 2017,Commercial,990410
2017,December,Dec 2017,Residential,1135773
2018,January,Jan 2018,Residential,975977
2018,January,Jan 2018,Commercial,824351
2018,January,Jan 2018,Interdepartmental,30275
2018,January,Jan 2018,Other,108842
2018,February,Feb 2018,Residential,899393
2018,February,Feb 2018,Commercial,780253
2018,February,Feb 2018,Other,101389
2018,February,Feb 2018,Interdepartmental,23394.01
2018,March,Mar 2018,Other,139037
2018,March,Mar 2018,Interdepartmental,35492.13
2018,March,Mar 2018,Commercial,807845
2018,March,Mar 2018,Residential,955112
2018,April,Apr 2018,Other,168653
2018,April,Apr 2018,Interdepartmental,62944.26
2018,April,Apr 2018,Residential,1086636
2018,April,Apr 2018,Commercial,866054
2018,May,May 2018,Other,190858
2018,May,May 2018,Interdepartmental,94402.37
2018,May,May 2018,Commercial,960997
2018,May,May 2018,Residential,1235625
2018,June,Jun 2018,Residential,1452793
2018,June,Jun 2018,Commercial,1134181
2018,June,Jun 2018,Other,236556
2018,June,Jun 2018,Interdepartmental,209121.88
2018,July,Jul 2018,Interdepartmental,232077.74
2018,July,Jul 2018,Other,262732
2018,July,Jul 2018,Commercial,1233931
2018,July,Jul 2018,Residential,1511138
2018,August,Aug 2018,Residential,1411429
2018,August,Aug 2018,Interdepartmental,202945.69
2018,August,Aug 2018,Commercial,1201528
2018,August,Aug 2018,Other,253633
2018,September,Sep 2018,Other,236518
2018,September,Sep 2018,Interdepartmental,171435.5
2018,September,Sep 2018,Commercial,1137614
2018,September,Sep 2018,Residential,1343338
2018,October,Oct 2018,Residential,1188354
2018,October,Oct 2018,Commercial,988010
2018,October,Oct 2018,Interdepartmental,136637.17
2018,October,Oct 2018,Other,195069
2018,November,Nov 2018,Commercial,924805
2018,November,Nov 2018,Residential,1053669
2018,November,Nov 2018,Interdepartmental,42351.02
2018,November,Nov 2018,Other,129538
2018,December,Dec 2018,Interdepartmental,67878.02
2018,December,Dec 2018,Commercial,949997
2018,December,Dec 2018,Residential,1054102
2018,December,Dec 2018,Other,178203
2019,January,Jan 2019,Residential,881255
2019,January,Jan 2019,Commercial,777014
2019,January,Jan 2019,Interdepartmental,34259.01
2019,January,Jan 2019,Other,97583
2019,February,Feb 2019,Interdepartmental,23655.82
2019,February,Feb 2019,Other,114984
2019,February,Feb 2019,Commercial,719785
2019,February,Feb 2019,Residential,799514
2019,March,Mar 2019,Other,70213
2019,March,Mar 2019,Interdepartmental,22236.03
2019,March,Mar 2019,Residential,788176
2019,March,Mar 2019,Commercial,705033
2019,April,Apr 2019,Other,145949
2019,April,Apr 2019,Interdepartmental,41574.06
2019,April,Apr 2019,Residential,946271
2019,April,Apr 2019,Commercial,761203
2019,May,May 2019,Residential,1119221
2019,May,May 2019,Commercial,891204
2019,May,May 2019,Interdepartmental,89890.37
2019,May,May 2019,Other,239759
2019,June,Jun 2019,Other,229796
2019,June,Jun 2019,Residential,1290716
2019,June,Jun 2019,Commercial,1045209
2019,June,Jun 2019,Interdepartmental,175571.64
2019,July,Jul 2019,Interdepartmental,238259.9
2019,July,Jul 2019,Other,273128
2019,July,Jul 2019,Commercial,1199374
2019,July,Jul 2019,Residential,1478510
2019,August,Aug 2019,Other,273833
2019,August,Aug 2019,Commercial,1224299
2019,August,Aug 2019,Interdepartmental,218197.65
2019,August,Aug 2019,Residential,1423962
2019,September,Sep 2019,Commercial,1234759
2019,September,Sep 2019,Residential,1407278
2019,September,Sep 2019,Interdepartmental,213294.55
2019,September,Sep 2019,Other,262765
2019,October,Oct 2019,Commercial,1031958
2019,October,Oct 2019,Interdepartmental,142315.23
2019,October,Oct 2019,Residential,1242825
2019,October,Oct 2019,Other,203518
2019,November,Nov 2019,Residential,1206695
2019,November,Nov 2019,Commercial,1028354
2019,November,Nov 2019,Other,168402
2019,November,Nov 2019,Interdepartmental,78092.12
2019,December,Dec 2019,Other,119081
2019,December,Dec 2019,Interdepartmental,52178.01
2019,December,Dec 2019,Residential,977101
2019,December,Dec 2019,Commercial,888446
2020,January,Jan 2020,Interdepartmental,34017.03
2020,January,Jan 2020,Other,73336
2020,January,Jan 2020,Commercial,737130
2020,January,Jan 2020,Residential,842048
2020,February,Feb 2020,Commercial,739299
2020,February,Feb 2020,Residential,847911.8
2020,February,Feb 2020,Interdepartmental,25223.02
2020,February,Feb 2020,Other,78927
2020,March,Mar 2020,Residential,888751
2020,March,Mar 2020,Commercial,764563
2020,March,Mar 2020,Interdepartmental,27862.01
2020,March,Mar 2020,Other,79090
2020,April,Apr 2020,Other,77642
2020,April,Apr 2020,Interdepartmental,30117.06
2020,April,Apr 2020,Commercial,709642
2020,April,Apr 2020,Residential,932734
2020,May,May 2020,Commercial,888961
2020,May,May 2020,Residential,1246405
2020,May,May 2020,Other,152132
2020,May,May 2020,Interdepartmental,98139.4
2020,June,Jun 2020,Other,200515
2020,June,Jun 2020,Interdepartmental,226692.73
2020,June,Jun 2020,Residential,1508955
2020,June,Jun 2020,Commercial,1137141
2020,July,Jul 2020,Interdepartmental,259959.87
2020,July,Jul 2020,Residential,1572678
2020,July,Jul 2020,Commercial,1240472
2020,July,Jul 2020,Other,209202
2020,August,Aug 2020,Other,228221
2020,August,Aug 2020,Commercial,1306023
2020,August,Aug 2020,Residential,1587412
2020,August,Aug 2020,Interdepartmental,249603.73
2020,September,Sep 2020,Residential,1555563
2020,September,Sep 2020,Commercial,1307206
2020,September,Sep 2020,Interdepartmental,227719.51
2020,September,Sep 2020,Other,247307
2020,October,Oct 2020,Commercial,1138058
2020,October,Oct 2020,Residential,1414274
2020,October,Oct 2020,Interdepartmental,179227.35
2020,October,Oct 2020,Other,217704
2020,November,Nov 2020,Other,180638
2020,November,Nov 2020,Interdepartmental,92746.07
2020,November,Nov 2020,Residential,1339715
2020,November,Nov 2020,Commercial,1128532
2020,December,Dec 2020,Residential,1182094
2020,December,Dec 2020,Commercial,1008247
2020,December,Dec 2020,Other,138880
2020,December,Dec 2020,Interdepartmental,48062.03
2021,January,Jan 2021,Other,88482
2021,January,Jan 2021,Interdepartmental,34596.03
2021,January,Jan 2021,Residential,1016911
2021,January,Jan 2021,Commercial,857419
2021,February,Feb 2021,Residential,927207
2021,February,Feb 2021,Commercial,791185
2021,February,Feb 2021,Other,101139
2021,February,Feb 2021,Interdepartmental,31411.01
2021,March,Mar 2021,Commercial,802703
2021,March,Mar 2021,Residential,981552
2021,March,Mar 2021,Interdepartmental,37102.02
2021,March,Mar 2021,Other,110282
2021,April,Apr 2021,Other,140870
2021,April,Apr 2021,Interdepartmental,60149.21
2021,April,Apr 2021,Commercial,842099
2021,April,Apr 2021,Residential,1076263
2021,May,May 2021,Other,205131
2021,May,May 2021,Interdepartmental,142383.66
2021,May,May 2021,Commercial,988894
2021,May,May 2021,Residential,1234989
2021,June,Jun 2021,Residential,1471270
2021,June,Jun 2021,Commercial,1168959
2021,June,Jun 2021,Interdepartmental,233276.88
2021,June,Jun 2021,Other,287124
2021,July,Jul 2021,Other,306689
2021,July,Jul 2021,Interdepartmental,256562.8
2021,July,Jul 2021,Residential,1571306
2021,July,Jul 2021,Commercial,1300344
2021,August,Aug 2021,Interdepartmental,152769.4
2021,August,Aug 2021,Other,260466
2021,August,Aug 2021,Commercial,1178271
2021,August,Aug 2021,Residential,1279896
2021,September,Sep 2021,Commercial,1062617
2021,September,Sep 2021,Residential,1212250
2021,September,Sep 2021,Interdepartmental,119605.44
2021,September,Sep 2021,Other,216300
2021,October,Oct 2021,Residential,1210737
2021,October,Oct 2021,Commercial,1052550
2021,October,Oct 2021,Other,211008
2021,October,Oct 2021,Interdepartmental,108115.13
2021,November,Nov 2021,Residential,1176713
2021,November,Nov 2021,Commercial,999843
2021,November,Nov 2021,Interdepartmental,58304.06
2021,November,Nov 2021,Other,190019
2021,December,Dec 2021,Residential,1151992
2021,December,Dec 2021,Commercial,1046491
2021,December,Dec 2021,Interdepartmental,47420.04
2021,December,Dec 2021,Other,205940
2022,January,Jan 2022,Other,104474
2022,January,Jan 2022,Interdepartmental,29959.02
2022,January,Jan 2022,Residential,921746
2022,January,Jan 2022,Commercial,818663
2022,February,Feb 2022,Commercial,807542
2022,February,Feb 2022,Interdepartmental,30645.04
2022,February,Feb 2022,Other,102964
2022,February,Feb 2022,Residential,917006
2022,March,Mar 2022,Other,107867
2022,March,Mar 2022,Interdepartmental,35222.07
2022,March,Mar 2022,Commercial,806497
2022,March,Mar 2022,Residential,940740
2022,April,Apr 2022,Commercial,838390
2022,April,Apr 2022,Residential,1011236
2022,April,Apr 2022,Interdepartmental,60620.13
2022,April,Apr 2022,Other,135125
2022,May,May 2022,Residential,1201208
2022,May,May 2022,Commercial,988104
2022,May,May 2022,Other,205825
2022,May,May 2022,Interdepartmental,120959.45
2022,June,Jun 2022,Other,314114
2022,June,Jun 2022,Interdepartmental,213215.8
2022,June,Jun 2022,Commercial,1226119
2022,June,Jun 2022,Residential,1478464
2022,July,Jul 2022,Interdepartmental,229232.61
2022,July,Jul 2022,Other,318705
2022,July,Jul 2022,Commercial,1320250
2022,July,Jul 2022,Residential,1542330
2022,August,Aug 2022,Residential,1390503
2022,August,Aug 2022,Commercial,1263025
2022,August,Aug 2022,Other,284306
2022,August,Aug 2022,Interdepartmental,185435.43
2022,September,Sep 2022,Other,261885
2022,September,Sep 2022,Commercial,1122462
2022,September,Sep 2022,Interdepartmental,168446.46
2022,September,Sep 2022,Residential,1259514
2022,October,Oct 2022,Residential,1206429
2022,October,Oct 2022,Commercial,1056983
2022,October,Oct 2022,Other,234317
2022,October,Oct 2022,Interdepartmental,119352.12
2022,November,Nov 2022,Interdepartmental,58729.03
2022,November,Nov 2022,Other,202098
2022,November,Nov 2022,Commercial,988973
2022,November,Nov 2022,Residential,1112660
2022,December,Dec 2022,Commercial,898898
2022,December,Dec 2022,Residential,1009040
2022,December,Dec 2022,Interdepartmental,39823.02
2022,December,Dec 2022,Other,144891
2023,January,Jan 2023,Commercial,746671
2023,January,Jan 2023,Residential,849889
2023,January,Jan 2023,Interdepartmental,26500.04
2023,January,Jan 2023,Other,95166
2023,February,Feb 2023,Other,98244
2023,February,Feb 2023,Interdepartmental,27197.02
2023,February,Feb 2023,Residential,825617
2023,February,Feb 2023,Commercial,745726
2023,March,Mar 2023,Interdepartmental,30874.03
2023,March,Mar 2023,Other,102670
2023,March,Mar 2023,Commercial,748999
2023,March,Mar 2023,Residential,855423
